Rname	Start	End	BX	Reads	MI
10	53268418	53276350	AAACACCAGAAACCCG-1	11	0
14	67549305	67583945	AAACACCAGAAACCCG-1	11	1
5	109179138	109191049	AAACACCAGAAACCCG-1	10	2
9	131509456	131536510	AAACACCAGAAACCTA-1	10	3
18	55090139	55094592	AAACACCAGAACGACC-1	9	4
4	179319984	179363545	AAACACCAGAACGACC-1	8	5
5	101387074	101425370	AAACACCAGAACGCCA-1	7	6
5	119232489	119323746	AAACACCAGAACGCCA-1	12	7
15	30760274	30790361	AAACACCAGAACTGCG-1	8	8
7	124329428	124462832	AAACACCAGAACTGTA-1	26	9
2	75692204	75733788	AAACACCAGAAGGCCT-1	6	10
5	160940460	160997008	AAACACCAGAAGGCCT-1	10	11
X	67572091	67611388	AAACACCAGAAGGTGA-1	7	12
7	54864709	54881010	AAACACCAGAATGGAG-1	6	13
5	138398250	138434721	AAACACCAGACAAAGG-1	9	14
7	150638895	150686082	AAACACCAGACAAAGG-1	10	15
9	12004428	12040884	AAACACCAGACAAAGG-1	10	16
11	39754525	39795969	AAACACCAGACAGACC-1	7	17
2	37575955	37607489	AAACACCAGACAGACC-1	12	18
20	6093785	6238108	AAACACCAGACAGACC-1	22	19
3	117174968	117225976	AAACACCAGACAGACC-1	10	20
3	117285326	117354006	AAACACCAGACAGACC-1	6	21
3	117408072	117514015	AAACACCAGACAGACC-1	12	22
4	59688652	59744903	AAACACCAGACAGACC-1	7	23
4	96378688	96439926	AAACACCAGACAGACC-1	7	24
1	246363753	246403246	AAACACCAGACAGATT-1	7	25
5	176070289	176137333	AAACACCAGACAGGCT-1	12	26
1	36680669	36719616	AAACACCAGACATAAC-1	11	27
X	29774897	29839937	AAACACCAGACATAAC-1	6	28
7	16875271	16898192	AAACACCAGACGATGC-1	14	29
1	7592274	7604347	AAACACCAGACGATGC-1	6	30
3	146149060	146182406	AAACACCAGACTCGCC-1	10	31
1	219780310	219785278	AAACACCAGACTCGGA-1	7	32
19	14424315	14544701	AAACACCAGACTCGGA-1	15	33
1	158606899	158635859	AAACACCAGACTGTAA-1	12	34
3	195558525	195644607	AAACACCAGACTGTAA-1	20	35
5	127581781	127678369	AAACACCAGACTGTAA-1	12	36
9	111941627	112076899	AAACACCAGACTGTAA-1	31	37
1	168514699	168600637	AAACACCAGAGACTAT-1	11	38
10	21678109	21708263	AAACACCAGAGAGGCG-1	6	39
2	39629468	39642533	AAACACCAGAGAGGCG-1	8	40
17	54141973	54143457	AAACACCAGAGCACCA-1	6	41
6	81021404	81052970	AAACACCAGAGCACCA-1	10	42
X	77559994	77637137	AAACACCAGAGCCACA-1	9	43
1	105303210	105336438	AAACACCAGAGCCCAA-1	15	44
13	38429285	38468767	AAACACCAGAGCCCAA-1	8	45
3	67517468	67541322	AAACACCAGAGCGAAA-1	8	46
22	26867914	26911264	AAACACCAGAGCTCCC-1	7	47
15	82181210	82235808	AAACACCAGAGGAATG-1	14	48
3	58525470	58540299	AAACACCAGAGGAATG-1	7	49
3	115971426	116008683	AAACACCAGAGGAATG-1	5	50
20	32747650	32765326	AAACACCAGAGGGACG-1	6	51
5	178357935	178358700	AAACACCAGAGGGACG-1	6	52
1	245666240	245702414	AAACACCAGAGGTAGA-1	12	53
19	35567825	35604356	AAACACCAGAGGTAGA-1	6	54
14	103820412	103875124	AAACACCAGAGTCCTT-1	8	55
17	60070575	60126209	AAACACCAGAGTCCTT-1	5	56
18	13134154	13180627	AAACACCAGAGTCCTT-1	10	57
3	29236762	29313648	AAACACCAGAGTGAGA-1	11	58
3	48018548	48047769	AAACACCAGAGTGAGA-1	11	59
4	174854622	174916166	AAACACCAGAGTGAGA-1	10	60
9	124070279	124107342	AAACACCAGAGTGTGC-1	11	61
17	32483894	32548548	AAACACCAGAGTGTGC-1	6	62
12	72733043	72770433	AAACACCAGATCACTC-1	6	63
6	34804460	34841355	AAACACCAGATCAGAT-1	14	64
5	65077649	65102256	AAACACCAGATCAGCG-1	9	65
12	19672825	19808841	AAACACCAGATCGCGA-1	35	66
9	5426299	5459419	AAACACCAGATCGCGA-1	19	67
2	156873313	156953551	AAACACCAGATCTGAA-1	13	68
1	117314038	117399940	AAACACCAGATGCGAC-1	10	69
20	53920159	53948575	AAACACCAGATGGCGT-1	6	70
5	107035276	107061236	AAACACCAGATGGGTC-1	10	71
3	93470398	93470774	AAACACCAGATTCGTC-1	16	72
11	3350560	3392727	AAACACCAGCAAAGCC-1	6	73
12	121999083	122039974	AAACACCAGCAAAGCC-1	7	74
12	122093502	122095290	AAACACCAGCAAAGCC-1	15	75
5	34558703	34580345	AAACACCAGCAAAGCC-1	8	76
13	43519787	43556690	AAACACCAGCACACGA-1	7	77
13	72592311	72677052	AAACACCAGCACCGCT-1	10	78
16	23841436	23924578	AAACACCAGCACCGCT-1	16	79
6	169819866	169838879	AAACACCAGCACCGTC-1	7	80
2	32916245	32916580	AAACACCAGCAGACTG-1	6	81
7	38884323	38927185	AAACACCAGCAGATCG-1	7	82
1	3051185	3054627	AAACACCAGCAGCTAG-1	10	83
17	52713566	52742045	AAACACCAGCAGCTAG-1	7	84
Y	10746494	10830952	AAACACCAGCAGCTAG-1	11	85
KI270442.1	885	71390	AAACACCAGCAGCTAG-1	7	86
3	104739099	104777601	AAACACCAGCAGTACG-1	11	87
12	110711306	110770170	AAACACCAGCAGTGAC-1	14	88
10	109756876	109853340	AAACACCAGCATCATC-1	10	89
16	56434489	56477891	AAACACCAGCATCGCC-1	6	90
3	66057017	66101808	AAACACCAGCATGGCA-1	10	91
10	108814	127344	AAACACCAGCATGGCA-1	11	92
10	105992173	106074994	AAACACCAGCATGGCA-1	15	93
20	31259728	31270355	AAACACCAGCCAGGAT-1	6	94
6	76221696	76280216	AAACACCAGCCAGGAT-1	8	95
6	86513740	86547440	AAACACCAGCCTAACT-1	9	96
2	223681190	223726855	AAACACCAGCCTAACT-1	10	97
X	20268480	20316715	AAACACCAGCCTCGTG-1	8	98
